Arica y Parinacota;Arica
Tarapacá;Iquique
Tarapacá;Pozo Almonte
Tarapacá;Alto Hospicio
Antofagasta;Antofagasta
Antofagasta;Estación Zaldívar
Antofagasta;Mejillones
Antofagasta;Taltal
Antofagasta;Calama
Antofagasta;Chuquicamata
Antofagasta;Tocopilla
Antofagasta;María Elena
Atacama;Copiapó
Atacama;Caldera
Atacama;Tierra Amarilla
Atacama;Chañaral
Atacama;Diego de Almagro
Atacama;El Salvador
Atacama;Vallenar
Atacama;Huasco
Coquimbo;La Serena
Coquimbo;Coquimbo
Coquimbo;Andacollo
Coquimbo;Vicuña
Coquimbo;Illapel
Coquimbo;Los Vilos
Coquimbo;Salamanca
Coquimbo;Ovalle
Coquimbo;Combarbalá
Coquimbo;Monte Patria
Coquimbo;El Palqui
Valparaíso;Valparaíso
Valparaíso;Placilla de Peñuelas
Valparaíso;Casablanca
Valparaíso;Concón
Valparaíso;Las Ventanas
Valparaíso;Quilpué
Valparaíso;Quintero
Valparaíso;Villa Alemana
Valparaíso;Viña del Mar
Valparaíso;Los Andes
Valparaíso;Calle Larga
Valparaíso;Señor Pobre Béjares
Valparaíso;Rinconada
Valparaíso;San Esteban
Valparaíso;La Ligua
Valparaíso;Cabildo
Valparaíso;Quillota
Valparaíso;La Calera
Valparaíso;Hijuelas
Valparaíso;La Cruz
Valparaíso;Limache
Valparaíso;Nogales
Valparaíso;El Melón
Valparaíso;Olmué
Valparaíso;San Antonio
Valparaíso;Algarrobo
Valparaíso;Cartagena
Valparaíso;El Quisco
Valparaíso;El Tabo
Valparaíso;Las Cruces
Valparaíso;Santo Domingo
Valparaíso;San Felipe
Valparaíso;Catemu
Valparaíso;Llaillay
Valparaíso;Putaendo
Valparaíso;Villa Los Almendros
Valparaíso;Santa María
Libertador General Bernardo O'Higgins;Rancagua
Libertador General Bernardo O'Higgins;Codegua
Libertador General Bernardo O'Higgins;Doñihue
Libertador General Bernardo O'Higgins;Lo Miranda
Libertador General Bernardo O'Higgins;Graneros
Libertador General Bernardo O'Higgins;Las Cabras
Libertador General Bernardo O'Higgins;Machalí
Libertador General Bernardo O'Higgins;San Francisco de Mostazal
Libertador General Bernardo O'Higgins;Gultro
Libertador General Bernardo O'Higgins;Peumo
Libertador General Bernardo O'Higgins;Punta Diamante
Libertador General Bernardo O'Higgins;Quinta de Tilcoco
Libertador General Bernardo O'Higgins;Rengo
Libertador General Bernardo O'Higgins;Requínoa
Libertador General Bernardo O'Higgins;San Vicente de Taguatagua
Libertador General Bernardo O'Higgins;Pichilemu
Libertador General Bernardo O'Higgins;San Fernando
Libertador General Bernardo O'Higgins;Chimbarongo
Libertador General Bernardo O'Higgins;Nancagua
Libertador General Bernardo O'Higgins;Palmilla
Libertador General Bernardo O'Higgins;Santa Cruz
Maule;Talca
Maule;Constitución
Maule;Culenar
Maule;Villa Francia
Maule;San Clemente
Maule;Cauquenes
Maule;Curicó
Maule;Hualañé
Maule;Molina
Maule;Teno
Maule;Linares
Maule;Longaví
Maule;Parral
Maule;San Javier
Maule;Villa Alegre
La Araucanía;Temuco
La Araucanía;Labranza
La Araucanía;Carahue
La Araucanía;Cunco
La Araucanía;Freire
La Araucanía;Gorbea
La Araucanía;Lautaro
La Araucanía;Loncoche
La Araucanía;Nueva Imperial
La Araucanía;Padre Las Casas
La Araucanía;Pitrufquén
La Araucanía;Pucón
La Araucanía;Villarrica
La Araucanía;Angol
La Araucanía;Collipulli
La Araucanía;Curacautín
La Araucanía;Purén
La Araucanía;Renaico
La Araucanía;Traiguén
La Araucanía;Victoria
BioBío;Concepción
BioBío;Coronel
BioBío;Chiguayante
BioBío;Hualqui
BioBío;Lota
BioBío;Penco
BioBío;San Pedro de la Paz
BioBío;Santa Juana
BioBío;Talcahuano
BioBío;Tomé
BioBío;Hualpén
BioBío;Lebu
BioBío;Arauco
BioBío;Cañete
BioBío;Curanilahue
BioBío;Los Álamos
BioBío;Los Ángeles
BioBío;Cabrero
BioBío;Monte Águila
BioBío;La Laja
BioBío;Mulchén
BioBío;Nacimiento
BioBío;San Rosendo
BioBío;Santa Bárbara
BioBío;Huépil
BioBío;Yumbel
BioBío;Chillán
BioBío;Bulnes
BioBío;Coelemu
BioBío;Coihueco
BioBío;Chillán Viejo
BioBío;Quillón
BioBío;Quirihue
BioBío;San Carlos
BioBío;Yungay
Los Ríos;Valdivia
Los Ríos;Futrono
Los Ríos;La Unión
Los Ríos;Lanco
Los Ríos;Los Lagos
Los Ríos;San José de la Mariquina
Los Ríos;Paillaco
Los Ríos;Panguipulli
Los Ríos;Río Bueno
Los Lagos;Puerto Montt
Los Lagos;Calbuco
Los Lagos;Fresia
Los Lagos;Frutillar
Los Lagos;Los Muermos
Los Lagos;Llanquihue
Los Lagos;Puerto Varas
Los Lagos;Castro
Los Lagos;Ancud
Los Lagos;Quellón
Los Lagos;Osorno
Los Lagos;Purranque
Los Lagos;Río Negro
Aysén del General Carlos Ibáñez del Campo;Coyhaique
Aysén del General Carlos Ibáñez del Campo;Puerto Aisén
Magallanes y la Antártica Chilena;Punta Arenas
Magallanes y la Antártica Chilena;Puerto Natales
Santiago Metropolitan;Santiago
Santiago Metropolitan;Cerrillos
Santiago Metropolitan;Cerro Navia
Santiago Metropolitan;Conchalí
Santiago Metropolitan;El Bosque
Santiago Metropolitan;Estación Central
Santiago Metropolitan;Huechuraba
Santiago Metropolitan;Independencia
Santiago Metropolitan;La Cisterna
Santiago Metropolitan;La Florida
Santiago Metropolitan;La Granja
Santiago Metropolitan;La Pintana
Santiago Metropolitan;La Reina
Santiago Metropolitan;Las Condes
Santiago Metropolitan;Lo Barnechea
Santiago Metropolitan;Lo Espejo
Santiago Metropolitan;Lo Prado
Santiago Metropolitan;Macul
Santiago Metropolitan;Maipú
Santiago Metropolitan;Ñuñoa
Santiago Metropolitan;Pedro Aguirre Cerda
Santiago Metropolitan;Peñalolén
Santiago Metropolitan;Providencia
Santiago Metropolitan;Pudahuel
Santiago Metropolitan;Quilicura
Santiago Metropolitan;Quinta Normal
Santiago Metropolitan;Recoleta
Santiago Metropolitan;Renca
Santiago Metropolitan;San Joaquín
Santiago Metropolitan;San Miguel
Santiago Metropolitan;San Ramón
Santiago Metropolitan;Vitacura
Santiago Metropolitan;Puente Alto
Santiago Metropolitan;Pirque
Santiago Metropolitan;La Obra-Las Vertientes
Santiago Metropolitan;San José de Maipo
Santiago Metropolitan;Colina
Santiago Metropolitan;Lampa
Santiago Metropolitan;Batuco
Santiago Metropolitan;Tiltil
Santiago Metropolitan;San Bernardo
Santiago Metropolitan;Buin
Santiago Metropolitan;Alto Jahuel
Santiago Metropolitan;Bajos de San Agustín
Santiago Metropolitan;Paine
Santiago Metropolitan;Hospital
Santiago Metropolitan;Melipilla
Santiago Metropolitan;Curacaví
Santiago Metropolitan;Talagante
Santiago Metropolitan;El Monte
Santiago Metropolitan;Isla de Maipo
Santiago Metropolitan;Las Islita
Santiago Metropolitan;Padre Hurtado
Santiago Metropolitan;Peñaflor
